policyholder_id,first_name,last_name,age,gender,city,province,risk_profile,customer_since
PH0001,Oscar,Velderman,72,M,Almere,Zuid-Holland,Low,2020-02-01
PH0002,Sam,Coolen,28,F,Haarlem,Overijssel,Low,2017-12-29
PH0003,Florian,Bos,56,M,Ede,Utrecht,Medium,2017-09-29
PH0004,Seth,Totwiller,47,M,Arnhem,Gelderland,High,2022-03-06
PH0005,Jort,Rutten,61,M,Apeldoorn,Noord-Holland,Low,2015-05-12
PH0006,Anouk,Meyer,43,F,Breda,Zuid-Holland,Low,2021-05-12
PH0007,Tara,Tins,31,F,Ede,Friesland,Low,2022-03-18
PH0008,Esila,van Westfalen,27,F,Breda,Utrecht,Low,2021-04-18
PH0009,Jayda,van Kusen,65,F,Maastricht,Groningen,High,2019-06-24
PH0010,Daphne,Roukes,32,F,Eindhoven,Drenthe,Medium,2015-07-12
PH0011,Collin,Ponci,27,M,Ede,Utrecht,Medium,2019-09-26
PH0012,Riley,van der Mast,42,M,Arnhem,Zeeland,High,2020-12-07
PH0013,Feline,van Dam,80,F,Leiden,Noord-Holland,Medium,2016-04-14
PH0014,Sterre,de Vroege,67,F,Ede,Overijssel,Low,2019-11-16
PH0015,Job,Mosley,47,M,Amsterdam,Flevoland,High,2017-12-14
PH0016,Collin,van de Veen,50,M,Amersfoort,Zuid-Holland,High,2018-05-07
PH0017,Loek,Garret,27,M,Haarlem,Utrecht,Medium,2020-12-12
PH0018,Rowan,Brumleve,56,M,Apeldoorn,Friesland,Low,2019-01-26
PH0019,Selina,Hanegraaff,33,F,Rotterdam,Noord-Brabant,High,2015-11-19
PH0020,Dani,Kloppert,64,M,Haarlemmermeer,Zuid-Holland,High,2020-12-21
PH0021,Senn,van Brenen,26,M,Westland,Friesland,High,2016-11-07
PH0022,Lola,Demmendaal,51,F,Venlo,Zeeland,Medium,2017-05-17
PH0023,Joost,de Gruson,63,M,Nijmegen,Groningen,High,2022-04-15
PH0024,Lola,van Mare,46,F,Alkmaar,Drenthe,Medium,2017-10-12
PH0025,Maarten,Puig,22,M,Apeldoorn,Noord-Holland,Medium,2017-07-31
PH0026,Youssef,Backer,18,M,Den Haag,Flevoland,Medium,2017-07-26
PH0027,Olivier,Heijmen,75,M,Rotterdam,Overijssel,Low,2017-09-01
PH0028,Merel,van der Linden,60,F,Haarlemmermeer,Noord-Brabant,Medium,2021-05-27
PH0029,Noa,Rubben,33,F,Sittard-Geleen,Friesland,High,2017-02-18
PH0030,Sam,Voortman,24,M,Westland,Groningen,Low,2019-08-11
PH0031,Cato,Soos,73,F,Emmen,Noord-Holland,Medium,2022-03-31
PH0032,Kay,Klein,21,M,Arnhem,Flevoland,Low,2016-03-23
PH0033,Koen,Adriaensdr,30,M,Tilburg,Drenthe,Medium,2019-09-25
PH0034,Wout,Roose,35,M,Zwolle,Noord-Brabant,High,2015-11-05
PH0035,Zeynep,van Wijland,69,F,Venlo,Drenthe,Low,2022-04-25
PH0036,Ryan,Lagerweij,80,M,Den Haag,Noord-Brabant,Low,2020-06-12
PH0037,Laura,Guit,31,F,Venlo,Groningen,High,2016-11-05
PH0038,Sienna,Spruyt,18,F,Arnhem,Gelderland,High,2020-02-07
PH0039,Sam,van de Noordmark,45,F,Delft,Flevoland,High,2021-03-26
PH0040,Louise,Manne,27,F,Tilburg,Gelderland,Low,2015-08-28
PH0041,Dani,de Bont,65,M,Apeldoorn,Noord-Holland,Low,2020-05-06
PH0042,Ryan,Koeman,21,M,Zoetermeer,Zuid-Holland,High,2015-10-08
PH0043,Marinus,van der Hoeven,61,M,Venlo,Noord-Brabant,Medium,2021-05-22
PH0044,Tyler,Aalts,55,M,Dordrecht,Noord-Holland,Medium,2019-09-14
PH0045,Lot,Vegt,77,F,Breda,Noord-Brabant,Medium,2018-07-10
PH0046,Liam,Berendse,34,M,Arnhem,Utrecht,Medium,2018-05-13
PH0047,Cato,Wouters,38,F,Amersfoort,Zuid-Holland,Low,2021-12-19
PH0048,Tijmen,Takkelenburg,22,M,Leiden,Noord-Brabant,Medium,2016-06-26
PH0049,Evie,Cornelisse,74,F,Den Haag,Noord-Brabant,Low,2016-10-08
PH0050,Evie,Engels,71,F,Leiden,Flevoland,Low,2022-05-02
PH0051,Berend,van Santen,60,M,Helmond,Drenthe,Low,2022-06-10
PH0052,Sil,Doornhem,78,M,Alkmaar,Utrecht,Low,2016-03-14
PH0053,Zakaria,van der Kint,35,M,Nijmegen,Zeeland,Low,2018-11-05
PH0054,Sam,Hollander,61,M,Ede,Gelderland,Medium,2017-10-25
PH0055,Casper,van Olst,23,M,Ede,Groningen,High,2015-06-30
PH0056,Wessel,van der Velden,39,M,Deventer,Utrecht,Medium,2017-12-08
PH0057,Dave,Roukes,65,M,Zwolle,Drenthe,Medium,2021-04-16
PH0058,Maarten,van Breukeleveen,25,M,Den Haag,Flevoland,High,2021-02-12
PH0059,Xavi,Meyer,71,M,Haarlem,Zeeland,Medium,2019-10-27
PH0060,Victor,van der Meer,20,M,Nijmegen,Overijssel,High,2015-06-13
PH0061,Noor,Marchal,31,F,Westland,Noord-Brabant,Medium,2018-12-19
PH0062,Mirthe,Thout,80,F,Dordrecht,Flevoland,Low,2017-08-27
PH0063,Jort,de Boer,80,M,Sittard-Geleen,Utrecht,High,2015-04-12
PH0064,Keano,van den Brink,65,M,Amersfoort,Overijssel,Medium,2019-08-14
PH0065,Kick,Hermans,35,M,Groningen,Flevoland,Low,2015-06-08
PH0066,Fabiënne,Niermann,32,F,Tilburg,Friesland,Low,2017-07-21
PH0067,Bastiaan,Vignon,19,M,Westland,Noord-Brabant,Low,2018-02-15
PH0068,Alexander,Ooms,79,M,Deventer,Gelderland,Low,2020-09-17
PH0069,Loes,Muijs,61,F,Helmond,Drenthe,Low,2015-04-24
PH0070,Abel,Dries,74,M,Breda,Utrecht,Medium,2017-12-23
PH0071,Quinn,Cornelisz,24,M,Dordrecht,Groningen,Low,2018-07-08
PH0072,Eva,Dirven,56,F,Zoetermeer,Zuid-Holland,Low,2021-06-19
PH0073,Tristan,Borman,34,M,Rotterdam,Flevoland,Medium,2020-10-30
PH0074,Thijs,Verheij,41,M,Enschede,Zuid-Holland,High,2018-09-14
PH0075,Aya,van den Assem,60,F,Venlo,Zuid-Holland,Medium,2018-05-15
PH0076,Evi,Schipper,60,F,Enschede,Overijssel,Medium,2018-04-26
PH0077,Noud,van Salmen,30,M,Enschede,Limburg,High,2022-08-06
PH0078,Fabian,van der Meer,57,M,Maastricht,Gelderland,Medium,2015-01-02
PH0079,Cornelia,van Noort,36,F,Tilburg,Groningen,Medium,2021-10-20
PH0080,Evy,van Noort,47,F,Zwolle,Friesland,Medium,2020-09-24
PH0081,Puk,le Guellec,68,F,Alkmaar,Flevoland,Low,2015-12-14
PH0082,Eliza,Geneart,50,F,Westland,Limburg,Medium,2016-01-18
PH0083,Boaz,van Dokkum,61,M,Nijmegen,Noord-Brabant,High,2016-08-26
PH0084,Jim,van Breukelveen,20,M,Almere,Friesland,Medium,2015-10-26
PH0085,Jente,van Maaren,44,F,Alkmaar,Limburg,Medium,2022-10-23
PH0086,Senna,Claassen,49,F,Arnhem,Noord-Brabant,Low,2022-09-17
PH0087,Nout,Giselmeyer,75,M,Deventer,Zuid-Holland,Medium,2017-06-15
PH0088,Bas,den Haag,69,M,Delft,Drenthe,Medium,2021-04-02
PH0089,Rayan,Visser,76,M,Venlo,Zuid-Holland,Medium,2020-03-18
PH0090,Pleun,Haneberg,78,F,Deventer,Friesland,Medium,2020-08-29
PH0091,Fabiënne,Lonen,71,F,Amersfoort,Drenthe,Medium,2016-10-13
PH0092,Eliza,van der Linden,46,F,Breda,Noord-Brabant,High,2018-02-09
PH0093,Joëlle,Jansen,58,F,Almere,Gelderland,Medium,2018-03-16
PH0094,Jurre,Le Grand,35,M,Apeldoorn,Overijssel,High,2015-11-27
PH0095,Imran,van Liendert,27,M,Almere,Groningen,Medium,2022-12-03
PH0096,Giovanni,Eijkelboom,22,M,Enschede,Groningen,Low,2020-03-23
PH0097,Joy,van der Wal,21,F,Tilburg,Groningen,Low,2021-07-20
PH0098,Boris,Cammel,72,M,Alkmaar,Zeeland,Low,2015-01-25
PH0099,Maria,van der Plas,37,F,Deventer,Groningen,High,2019-09-13
PH0100,Sten,Becht,49,M,Almere,Gelderland,Medium,2015-04-29
PH0101,Zeynep,Gellemeyer,39,F,Westland,Limburg,Medium,2016-11-07
PH0102,Vajèn,Oversteeg,76,F,Eindhoven,Zeeland,Medium,2019-06-02
PH0103,Dave,le Gallen,23,M,Ede,Groningen,Low,2020-03-06
PH0104,Lex,van Rheineck,21,M,Breda,Groningen,Low,2020-02-06
PH0105,Esila,de Wit,39,F,Deventer,Groningen,Low,2019-09-23
PH0106,Suze,Cornelisz,71,F,Den Haag,Friesland,Low,2021-01-18
PH0107,Dave,de Grote,78,M,Haarlem,Noord-Brabant,Medium,2022-04-23
PH0108,Aaron,de Lange,66,M,Amsterdam,Noord-Brabant,Low,2015-03-25
PH0109,Hidde,van Hostaden,33,M,Eindhoven,Friesland,Medium,2021-04-29
PH0110,Jack,van Breukeleveen,47,M,Delft,Gelderland,Medium,2016-11-18
PH0111,Philip,van Schevinghuizen,67,M,Helmond,Utrecht,High,2016-03-18
PH0112,Dani,Linschoten,77,M,Nijmegen,Zeeland,Medium,2019-03-18
PH0113,Floor,Molegraaf,78,F,Delft,Noord-Brabant,Low,2022-09-29
PH0114,Yassin,Cornelissen,24,M,Delft,Gelderland,High,2021-09-25
PH0115,Maxim,van der Pol,68,M,Maastricht,Noord-Holland,Low,2019-10-21
PH0116,Annemijn,Timmermans,22,F,Zoetermeer,Limburg,Low,2019-09-17
PH0117,Anne,Cadefau,24,F,Enschede,Overijssel,Medium,2020-02-27
PH0118,Mees,van Oosten,45,M,Groningen,Flevoland,Medium,2022-04-18
PH0119,Lara,van der Horst,57,F,Sittard-Geleen,Drenthe,Medium,2020-03-19
PH0120,Ecrin,Coret-Coredo,70,F,Emmen,Zeeland,Low,2017-10-02
PH0121,Wouter,van de Pavert,35,M,Alkmaar,Friesland,Low,2020-03-18
PH0122,Azra,Lemmens,39,F,Amsterdam,Friesland,High,2017-01-14
PH0123,Ashley,Doesburg,31,F,Haarlem,Gelderland,Low,2021-09-07
PH0124,Meike,Ouwerkerk,53,F,Amsterdam,Drenthe,High,2015-12-17
PH0125,Joshua,Heribert van Laon,64,M,Enschede,Friesland,Medium,2017-09-11
PH0126,Victoria,Poncelet,59,F,Delft,Friesland,Medium,2015-03-12
PH0127,Maxim,Briere,36,M,Almere,Groningen,Medium,2018-06-08
PH0128,Luna,Everts,48,F,Leiden,Drenthe,Low,2021-03-04
PH0129,Jill,van den Nuwenhuijzen,40,F,Delft,Friesland,Low,2017-10-26
PH0130,Jason,Robbrechts Bruijne,25,M,Emmen,Noord-Brabant,Low,2021-01-03
PH0131,Emir,Timmermans,30,M,Tilburg,Flevoland,Medium,2021-08-11
PH0132,Evie,Rousselet,80,F,Utrecht,Noord-Brabant,Low,2019-01-18
PH0133,Jorn,Huijbrechts,37,M,Amsterdam,Flevoland,Medium,2018-01-28
PH0134,Noud,Steenbakkers,80,M,Rotterdam,Drenthe,Low,2016-06-01
PH0135,Juliette,Tuithof,24,F,Venlo,Noord-Holland,Medium,2020-04-06
PH0136,Vajèn,Dubois,46,F,Apeldoorn,Utrecht,High,2017-10-31
PH0137,Aimée,van Kuijc van Malsen,25,F,Helmond,Zuid-Holland,Medium,2015-10-31
PH0138,Milo,Goderts,27,M,Eindhoven,Zeeland,High,2015-12-15
PH0139,Ben,van der Maath,25,M,Leiden,Groningen,Medium,2021-12-08
PH0140,Fabian,van de Klashorst,67,M,Zoetermeer,Groningen,Medium,2019-12-19
PH0141,Feline,Huisman,73,F,Maastricht,Groningen,Low,2021-12-18
PH0142,Vigo,"West-Francië, van",57,M,Emmen,Zuid-Holland,High,2017-05-01
PH0143,Tijn,Doorhof,34,M,Westland,Zuid-Holland,Low,2016-12-12
PH0144,Tijn,Pierson,28,M,Amsterdam,Groningen,Medium,2021-08-29
PH0145,Isis,Scuylenborchs,36,F,Rotterdam,Noord-Brabant,Low,2018-03-04
PH0146,Ecrin,van Engelen,22,F,Westland,Noord-Brabant,High,2022-01-04
PH0147,Stefan,van der Sande,45,M,Utrecht,Drenthe,Low,2016-09-02
PH0148,Milou,Stichter,70,F,Eindhoven,Zuid-Holland,Low,2018-06-13
PH0149,Loïs,van der Heijden,46,F,Utrecht,Friesland,Medium,2022-11-06
PH0150,Aimée,Stange,78,F,Breda,Drenthe,Medium,2019-11-29
PH0151,Vigo,Groenendaal,56,M,Rotterdam,Groningen,Medium,2021-10-08
PH0152,Vera,Hulskes,19,F,Den Haag,Noord-Brabant,High,2021-06-14
PH0153,Hidde,Hekker,66,M,Westland,Gelderland,Medium,2016-12-18
PH0154,Sophie,Haengreve,51,F,Ede,Friesland,High,2017-01-13
PH0155,Ninthe,Ketting,58,F,Helmond,Friesland,High,2020-04-09
PH0156,Femke,Schrik,44,F,Apeldoorn,Overijssel,Medium,2016-10-20
PH0157,Lotte,Merkx,44,F,Delft,Friesland,Low,2019-06-29
PH0158,Raf,Walsteijn,47,M,Den Haag,Overijssel,Low,2016-04-19
PH0159,Emily,Roosenboom,73,F,Zoetermeer,Noord-Holland,Medium,2021-01-31
PH0160,Laura,van Spreuwel,44,F,Rotterdam,Noord-Brabant,Medium,2021-12-25
PH0161,Fatima,Cant,58,F,Zwolle,Noord-Holland,Low,2021-02-27
PH0162,Bjorn,van Breukelveen,77,M,Nijmegen,Friesland,High,2020-06-08
PH0163,Stef,Schenkel,19,M,Ede,Zeeland,Medium,2022-12-17
PH0164,Arthur,Adriaense,37,M,Leiden,Noord-Holland,Medium,2016-01-17
PH0165,Jelle,Huijben,71,M,Amersfoort,Zuid-Holland,Medium,2016-04-26
PH0166,Muhammed,Romijn,49,M,Amersfoort,Flevoland,Low,2022-11-29
PH0167,Elena,van Geenen,44,F,Helmond,Friesland,High,2017-09-25
PH0168,Lisanne,van Dagsburg,53,F,Eindhoven,Groningen,Low,2021-09-21
PH0169,Mats,Ariens Ansems,73,M,Den Haag,Gelderland,Medium,2019-08-27
PH0170,Cato,Eijkelboom,77,F,Sittard-Geleen,Drenthe,Low,2015-01-11
PH0171,Victoria,Jurrijens,64,F,Nijmegen,Zeeland,Medium,2022-05-27
PH0172,Linn,Bouthoorn,73,F,Eindhoven,Friesland,Medium,2018-11-14
PH0173,Rosalie,Zuijdveld,53,F,Deventer,Drenthe,Low,2018-08-11
PH0174,Mees,Jorlink,80,M,Delft,Noord-Brabant,Medium,2017-08-14
PH0175,Jolie,Hoogers,20,F,Apeldoorn,Flevoland,Medium,2019-04-11
PH0176,Amélie,Tamsma,60,F,Sittard-Geleen,Limburg,High,2020-07-21
PH0177,Joep,Briere,26,M,Zoetermeer,Zeeland,Low,2016-02-16
PH0178,Suus,Winnrich,24,F,Zoetermeer,Friesland,Low,2016-08-13
PH0179,Emma,Pratt,73,F,Ede,Utrecht,Low,2017-12-21
PH0180,Maya,Greij,57,F,Delft,Groningen,Medium,2018-09-07
PH0181,Isabel,le Gallen,79,F,Apeldoorn,Limburg,Medium,2020-06-21
PH0182,Yusuf,Kerkhof,57,M,Den Haag,Noord-Brabant,Medium,2018-03-23
PH0183,Valentijn,Oversteeg,65,M,Den Haag,Groningen,High,2022-02-08
PH0184,Thom,Kok,46,M,Groningen,Flevoland,Low,2015-04-29
PH0185,Yusuf,Laffray,38,M,Sittard-Geleen,Noord-Holland,Low,2019-03-16
PH0186,Sofie,van Amstel,27,F,Almere,Drenthe,Medium,2022-08-24
PH0187,Ali,Lambregt,28,M,Groningen,Zuid-Holland,Medium,2019-04-16
PH0188,Rick,Verkade,49,M,Amersfoort,Zeeland,Low,2020-03-03
PH0189,Olivia,van Allemanië,47,F,Breda,Limburg,Low,2020-03-20
PH0190,Puck,Post,61,F,Leiden,Utrecht,Low,2018-11-16
PH0191,Fem,Klomp Jan,58,F,Enschede,Flevoland,Low,2018-05-22
PH0192,Sem,Hak,42,M,Venlo,Friesland,Low,2019-04-12
PH0193,Jade,Bresé,54,F,Nijmegen,Flevoland,Low,2022-05-20
PH0194,Selena,van Munster,35,F,Amsterdam,Zeeland,High,2015-07-20
PH0195,Esmée,Mansveld,71,F,Alkmaar,Gelderland,Medium,2017-07-31
PH0196,Robin,van Landen,32,F,Ede,Noord-Brabant,Medium,2022-08-08
PH0197,Jesse,Strik,58,M,Utrecht,Limburg,Medium,2018-06-19
PH0198,Romy,Oda,20,F,Maastricht,Overijssel,Medium,2016-01-05
PH0199,Esther,Bleijenberg,38,F,Emmen,Groningen,Low,2016-06-25
PH0200,Maryam,Louws,51,F,Zoetermeer,Gelderland,High,2017-11-18
PH0201,Jaylinn,Vergeer,79,F,Sittard-Geleen,Gelderland,Medium,2018-10-19
PH0202,Imran,Dorsman,47,M,Den Haag,Utrecht,Medium,2017-07-13
PH0203,Zara,Schokman,79,F,Venlo,Drenthe,Low,2019-06-05
PH0204,Jesse,van de Veen,34,M,Leiden,Zuid-Holland,Medium,2022-07-18
PH0205,Jaylinn,van der Linden,55,F,Arnhem,Limburg,High,2016-03-19
PH0206,Jayson,Boer,48,M,Amsterdam,Zeeland,High,2021-04-18
PH0207,Ceylin,Robbrechts Bruijne,76,F,Dordrecht,Noord-Brabant,Medium,2022-02-15
PH0208,Elisa,Rousselet,76,F,Delft,Gelderland,Medium,2016-04-22
PH0209,Arie,Hakker,20,M,Rotterdam,Gelderland,High,2016-04-20
PH0210,Merijn,van Duivenvoorde,33,M,Alkmaar,Drenthe,Low,2020-02-02
PH0211,Iris,Timmermans,60,F,Emmen,Flevoland,High,2019-09-13
PH0212,Kay,van de Ven,74,M,Enschede,Limburg,Low,2020-06-27
PH0213,Ceylin,de Jode Vastraedsd,78,F,Breda,Noord-Holland,Medium,2017-06-08
PH0214,Suus,Lips,46,F,Almere,Overijssel,Low,2022-09-09
PH0215,Fay,Bronder,52,F,Alkmaar,Limburg,Low,2019-06-19
PH0216,Mirte,van Egisheim,30,F,Utrecht,Friesland,Low,2017-05-18
PH0217,Aaron,van den Eijssel,21,M,Sittard-Geleen,Overijssel,Low,2016-05-30
PH0218,Valentijn,van der Maes,22,M,Helmond,Drenthe,Low,2017-06-03
PH0219,Oscar,Maaswinkel,39,M,Deventer,Utrecht,Medium,2021-09-07
PH0220,Joep,van Dommelen,35,M,Venlo,Utrecht,High,2021-01-21
PH0221,Ashley,Verheij,69,F,Groningen,Zuid-Holland,Medium,2015-04-16
PH0222,Milo,Timmermans,18,M,Haarlem,Noord-Brabant,Medium,2015-03-06
PH0223,Niels,Hoes,34,M,Rotterdam,Utrecht,Medium,2020-11-24
PH0224,Rafael,Steenbeek,65,M,Den Haag,Friesland,Medium,2019-01-22
PH0225,Luca,Teunissen,46,M,Zoetermeer,Noord-Brabant,High,2015-06-27
PH0226,Maya,le Matelot,47,F,Ede,Noord-Holland,Low,2020-05-15
PH0227,Helena,den Haag,45,F,Westland,Zuid-Holland,Medium,2019-12-22
PH0228,Philip,Spier,75,M,Den Haag,Overijssel,Medium,2015-09-27
PH0229,Mason,Honing,35,M,Dordrecht,Limburg,Medium,2022-12-26
PH0230,Elizabeth,van Boven,42,F,Dordrecht,Drenthe,Low,2020-09-01
PH0231,Maya,de Grote,24,F,Sittard-Geleen,Flevoland,Low,2022-05-05
PH0232,Olaf,Kuipers,45,M,Zwolle,Noord-Brabant,Medium,2020-02-01
PH0233,Lucy,Steinmeiern,44,F,Emmen,Zuid-Holland,Low,2018-07-04
PH0234,Jenna,van der Veen,41,F,Eindhoven,Limburg,High,2015-10-02
PH0235,Stefan,'s Gravensande,71,M,Den Haag,Zuid-Holland,Medium,2019-03-07
PH0236,Jamie,Shupe,53,M,Rotterdam,Zeeland,High,2021-04-19
PH0237,Emma,van Dijk,60,F,Utrecht,Groningen,Low,2022-06-18
PH0238,Phileine,Vandenbergh,73,F,Amersfoort,Flevoland,Low,2018-03-24
PH0239,Karlijn,van Geenen,40,F,Utrecht,Zeeland,Medium,2016-09-25
PH0240,Joy,Mijsberg,32,F,Venlo,Zuid-Holland,Low,2021-03-28
PH0241,Lauren,van Northeim,25,F,Deventer,Gelderland,Medium,2019-10-24
PH0242,Senna,Kramer,56,M,Amersfoort,Limburg,High,2017-12-31
PH0243,Niek,Flink,29,M,Breda,Flevoland,Medium,2018-10-23
PH0244,Fien,van den Bergh,18,F,Groningen,Utrecht,Medium,2019-06-30
PH0245,Niels,Vertoor,27,M,Emmen,Limburg,High,2016-01-11
PH0246,Bjorn,Ouwerkerk,42,M,Enschede,Friesland,Low,2019-02-24
PH0247,Meike,Thatcher,64,F,Apeldoorn,Zeeland,Medium,2015-08-04
PH0248,Finn,Manne,28,M,Deventer,Zeeland,Low,2015-12-01
PH0249,Demi,Bloemendaal,46,F,Westland,Groningen,Medium,2019-12-16
PH0250,Angelina,Pieters,35,F,Tilburg,Drenthe,Low,2019-10-27
PH0251,Lenn,Duivenvoorden,36,M,Westland,Limburg,Medium,2020-11-28
PH0252,Julie,van Baalen,20,F,Almere,Groningen,High,2015-08-13
PH0253,Tijs,Luitgardis van Neustrië,31,M,Nijmegen,Noord-Brabant,Medium,2017-11-12
PH0254,Myrthe,de Hoogh,38,F,Utrecht,Noord-Holland,Medium,2019-10-30
PH0255,Loek,de Vrome,26,M,Arnhem,Drenthe,Medium,2020-08-11
PH0256,Evy,Joosten,22,F,Arnhem,Flevoland,Low,2015-03-18
PH0257,Marit,Aertsz,76,F,Den Haag,Overijssel,Medium,2021-06-06
PH0258,Stella,Haack,63,F,Ede,Groningen,Low,2019-07-18
PH0259,Sander,van Bunschoten,79,M,Apeldoorn,Utrecht,High,2021-12-06
PH0260,Esmée,Köster,71,F,Delft,Overijssel,Low,2016-03-09
PH0261,Sepp,van den Broek,45,M,Maastricht,Groningen,Medium,2019-06-10
PH0262,Juul,Cadefau,65,F,Apeldoorn,Noord-Brabant,Low,2016-11-19
PH0263,Mathijs,Potters,50,M,Ede,Zuid-Holland,Medium,2017-03-05
PH0264,Tess,Hexspoor,40,F,Emmen,Limburg,High,2017-08-25
PH0265,Koen,Huls,27,M,Breda,Noord-Brabant,Low,2016-09-18
PH0266,Sepp,van Lucel,29,M,Deventer,Limburg,Medium,2021-04-28
PH0267,Maya,van der Horst,61,F,Amersfoort,Zeeland,Medium,2022-01-02
PH0268,Liv,Uittenbosch,73,F,Ede,Overijssel,Low,2015-10-07
PH0269,Yasmin,van Geffen,46,F,Ede,Gelderland,Medium,2021-08-19
PH0270,Mika,van de Eerenbeemt,40,M,Zoetermeer,Zuid-Holland,Low,2020-01-26
PH0271,Justin,van der Veen,21,M,Haarlem,Gelderland,Low,2016-01-05
PH0272,Joëlle,Kleybrink,47,F,Maastricht,Drenthe,High,2015-06-18
PH0273,Ninthe,van Oirschot,76,F,Sittard-Geleen,Zeeland,Medium,2018-08-09
PH0274,Julia,Rijn,50,F,Eindhoven,Noord-Holland,Medium,2018-11-07
PH0275,Robin,Pons,50,M,Ede,Utrecht,Low,2022-12-08
PH0276,Sam,Scherms,46,F,Zoetermeer,Drenthe,Medium,2019-01-30
PH0277,Norah,van den Hoek,76,F,Nijmegen,Groningen,Medium,2018-10-17
PH0278,Lex,Pastoors,68,M,Ede,Limburg,Low,2018-09-12
PH0279,Ibrahim,van Este,53,M,Westland,Groningen,Low,2022-05-13
PH0280,Benjamin,Serra,39,M,Den Haag,Zeeland,Medium,2018-12-03
PH0281,Evi,Scardino,79,F,Ede,Flevoland,Medium,2016-06-12
PH0282,Jelle,Uphus,37,M,Leiden,Groningen,Medium,2018-09-07
PH0283,Timo,van der Noot,60,M,Delft,Flevoland,High,2020-11-26
PH0284,Berat,Jacquot,59,M,Westland,Groningen,Medium,2015-03-16
PH0285,Dewi,Oosterhout,37,F,Groningen,Noord-Brabant,Low,2020-06-14
PH0286,Joost,Kathagen,32,M,Eindhoven,Utrecht,Low,2016-02-19
PH0287,Pim,Miltenburg,60,M,Apeldoorn,Zeeland,Low,2019-03-24
PH0288,Bastiaan,van Beaumont,28,M,Groningen,Flevoland,Medium,2016-11-09
PH0289,Jennifer,Verheuvel,20,F,Enschede,Overijssel,Medium,2017-08-30
PH0290,Lindsey,van Luxemburg,57,F,Nijmegen,Flevoland,Medium,2017-08-16
PH0291,Julian,David,37,M,Sittard-Geleen,Friesland,High,2017-03-05
PH0292,Emily,van Boulogne,61,F,Maastricht,Friesland,Medium,2018-02-28
PH0293,Janne,Bernaards,50,F,Zoetermeer,Groningen,High,2017-03-28
PH0294,Thijn,de Gruil,73,M,Breda,Noord-Holland,Medium,2019-03-01
PH0295,Leon,Alpaidis,63,M,Venlo,Drenthe,High,2018-03-13
PH0296,Wesley,Weylant,66,M,Groningen,Gelderland,Medium,2020-10-03
PH0297,James,de Korte,71,M,Enschede,Zuid-Holland,High,2017-06-28
PH0298,Sarah,van Berkum,74,F,Haarlem,Noord-Holland,Medium,2019-06-12
PH0299,Linde,van der Stael,33,F,Arnhem,Zuid-Holland,Low,2015-04-26
PH0300,Pleun,Muijs,77,F,Utrecht,Flevoland,Medium,2016-08-21
PH0301,Lex,Mosley,20,M,Nijmegen,Friesland,Medium,2016-07-22
PH0302,Femke,van Eck,46,F,Dordrecht,Noord-Holland,High,2015-03-19
PH0303,Kim,Boeser,31,F,Helmond,Utrecht,Medium,2021-10-29
PH0304,Janne,Vervoort,25,F,Deventer,Gelderland,Low,2016-05-14
PH0305,Noud,die Pelser,33,M,Enschede,Limburg,Medium,2020-02-16
PH0306,Ravi,Koret,25,M,Helmond,Friesland,Medium,2015-03-09
PH0307,Stijn,van Maasgouw,63,M,Eindhoven,Gelderland,Medium,2021-11-23
PH0308,Tessa,Hoogers,33,F,Maastricht,Groningen,Low,2022-06-30
PH0309,Milo,van der Laan,51,M,Haarlem,Zuid-Holland,High,2021-02-06
PH0310,Ali,de Plantard,42,M,Venlo,Friesland,Low,2019-05-04
PH0311,Lois,Boddaugh,34,F,Emmen,Noord-Holland,Low,2015-10-04
PH0312,Bente,van Dam,33,F,Emmen,Limburg,Medium,2021-07-11
PH0313,Dana,van Leeuwen,26,F,Rotterdam,Overijssel,Medium,2022-03-17
PH0314,Dion,Cadefau,71,M,Deventer,Limburg,Medium,2022-10-19
PH0315,Faye,de Grote,58,F,Groningen,Utrecht,Low,2020-02-18
PH0316,Jayden,Meyer,36,M,Tilburg,Noord-Holland,Medium,2015-06-21
PH0317,Julie,Verboom,77,F,Nijmegen,Drenthe,Low,2021-02-02
PH0318,Inaya,de Grote,34,F,Rotterdam,Limburg,Low,2019-01-02
PH0319,Imran,van Bovenen,73,M,Ede,Overijssel,Low,2019-02-16
PH0320,Fatima,Everts,74,F,Arnhem,Flevoland,Medium,2019-05-03
PH0321,Kate,Berendse,80,F,Groningen,Friesland,Medium,2019-02-13
PH0322,Nisa,van der Meer,69,F,Den Haag,Flevoland,Medium,2019-10-30
PH0323,Ayoub,Westerburg,52,M,Nijmegen,Overijssel,Low,2018-09-05
PH0324,Esther,Doorhof,37,F,Zwolle,Zeeland,Medium,2016-11-13
PH0325,Nynke,Brievingh,40,F,Zwolle,Noord-Holland,Medium,2018-12-15
PH0326,Noor,Boogaerts,35,F,Ede,Noord-Holland,Low,2022-02-24
PH0327,Yasmin,Pons,41,F,Zoetermeer,Flevoland,Medium,2015-05-08
PH0328,Elias,Bertho,72,M,Dordrecht,Limburg,Medium,2015-05-23
PH0329,Milo,Kathagen,22,M,Almere,Limburg,Low,2019-04-18
PH0330,Giel,Holthuis,56,M,Eindhoven,Limburg,Medium,2019-02-28
PH0331,Kaylee,Heijmen,46,F,Deventer,Zuid-Holland,Medium,2020-12-08
PH0332,Livia,Molen,43,F,Apeldoorn,Limburg,Low,2016-04-09
PH0333,Lars,Remmers,65,M,Groningen,Friesland,Medium,2021-04-19
PH0334,Sam,Zuidweg,34,M,Deventer,Gelderland,Medium,2017-05-28
PH0335,Elif,Heijmen,62,F,Amersfoort,Friesland,Low,2016-07-09
PH0336,Sander,Kolster,46,M,Groningen,Flevoland,Medium,2015-12-26
PH0337,Yinthe,Thomas,60,F,Haarlem,Flevoland,Low,2021-01-29
PH0338,Catharina,Blom,75,F,Nijmegen,Utrecht,Medium,2022-11-08
PH0339,Victor,Thout,68,M,Haarlem,Drenthe,Low,2017-04-03
PH0340,Max,de Bruin,33,M,Sittard-Geleen,Friesland,Low,2021-03-19
PH0341,Jayda,Mangel,47,F,Sittard-Geleen,Drenthe,Low,2015-12-20
PH0342,Benjamin,Peters,37,M,Arnhem,Flevoland,Medium,2020-11-23
PH0343,Carlijn,Sterkman,67,F,Enschede,Zeeland,Low,2018-07-22
PH0344,Teun,Hermans,46,M,Zwolle,Limburg,Medium,2016-06-09
PH0345,Senna,Brizee,67,M,Eindhoven,Groningen,Medium,2015-08-15
PH0346,Jesper,van der Klein,51,M,Eindhoven,Gelderland,Low,2018-08-14
PH0347,Justin,Zwijsen,40,M,Zoetermeer,Gelderland,High,2017-10-23
PH0348,Beau,van de Klashorst,58,M,Leiden,Gelderland,Low,2018-05-25
PH0349,Nathan,Vos,50,M,Ede,Utrecht,Medium,2021-07-06
PH0350,Aiden,van Boulogne,28,M,Westland,Zeeland,Medium,2021-10-14
PH0351,Romy,van Suinvorde,71,F,Amersfoort,Zeeland,Low,2015-04-27
PH0352,Bram,van Doorn,20,M,Ede,Zeeland,Low,2017-05-13
PH0353,Yfke,Wooning,57,F,Ede,Noord-Holland,Medium,2022-01-12
PH0354,Madelief,van Laarhoven,59,F,Nijmegen,Friesland,Low,2022-09-06
PH0355,Mirte,Keijser,37,F,Zwolle,Zuid-Holland,Medium,2016-10-09
PH0356,Jolijn,Köster,44,F,Haarlemmermeer,Friesland,Low,2021-10-20
PH0357,Rens,van den Nieuwenhuijsen,38,M,Venlo,Flevoland,Low,2018-11-15
PH0358,Zara,Sarneel,26,F,Deventer,Overijssel,Medium,2016-03-10
PH0359,Lucy,van der Maes,33,F,Zwolle,Zuid-Holland,Low,2017-10-12
PH0360,Samuel,van Rooij,24,M,Rotterdam,Gelderland,High,2021-11-25
PH0361,Karlijn,van Eck,33,F,Venlo,Utrecht,High,2021-06-24
PH0362,Roos,Salet,30,F,Deventer,Utrecht,Medium,2020-10-09
PH0363,Hannah,Pieters van der Maes,49,F,Alkmaar,Gelderland,Medium,2016-01-04
PH0364,Rosa,Françoise,50,F,Zwolle,Noord-Brabant,Low,2018-12-16
PH0365,Imran,van Haspengouw,21,M,Nijmegen,Friesland,Medium,2022-05-03
PH0366,Evy,van Lucel,36,F,Leiden,Noord-Holland,High,2019-11-01
PH0367,Matthijs,de Grote,74,M,Breda,Flevoland,Low,2019-07-10
PH0368,Inaya,Boers,20,F,Arnhem,Noord-Holland,Medium,2017-03-08
PH0369,Kyra,Veltman,53,F,Nijmegen,Zuid-Holland,Low,2020-01-19
PH0370,Elisabeth,van Soest,70,F,Dordrecht,Limburg,Medium,2016-06-11
PH0371,Fabian,Willems,43,M,Haarlem,Overijssel,Medium,2019-02-06
PH0372,Sep,Rijks,30,M,Dordrecht,Drenthe,Medium,2015-06-14
PH0373,Jens,Scholten,20,M,Eindhoven,Flevoland,Low,2020-04-24
PH0374,Sofie,Schenk,27,F,Dordrecht,Drenthe,Low,2021-11-16
PH0375,Lise,Arnold,28,F,Arnhem,Zeeland,Medium,2018-05-10
PH0376,Lena,Lommert,50,F,Helmond,Drenthe,Medium,2022-12-12
PH0377,Bente,Peronne,48,F,Helmond,Noord-Holland,Low,2022-07-22
PH0378,Rafael,le Gallen,80,M,Enschede,Zeeland,Low,2022-09-19
PH0379,Liam,Perck,56,M,Haarlemmermeer,Gelderland,High,2021-06-27
PH0380,Owen,van Ooste,64,M,Rotterdam,Zeeland,Medium,2020-11-17
PH0381,Mare,van Tours,27,F,Helmond,Limburg,Low,2021-06-03
PH0382,Kian,Bellemans,30,M,Amsterdam,Friesland,Low,2016-09-12
PH0383,Bibi,Spaan,62,F,Tilburg,Groningen,Medium,2021-11-09
PH0384,Esmée,die Pelser,73,F,Venlo,Flevoland,Medium,2022-11-30
PH0385,Pepijn,Peterse,51,M,Tilburg,Drenthe,Low,2022-06-05
PH0386,Féline,Zuidweg,51,F,Arnhem,Overijssel,High,2020-02-26
PH0387,Kaylee,van der Horst,52,F,Haarlem,Limburg,Medium,2022-08-20
PH0388,Iris,van Buuren,57,F,Haarlemmermeer,Noord-Brabant,High,2018-02-16
PH0389,Ninthe,van der Wal,32,F,Nijmegen,Gelderland,Medium,2022-09-28
PH0390,Ilse,Weylant,38,F,Haarlemmermeer,Overijssel,Medium,2018-01-25
PH0391,Mila,van Hoevel en van Zwindrecht,25,F,Maastricht,Limburg,Medium,2019-06-05
PH0392,Femke,Suijker,79,F,Deventer,Utrecht,Low,2018-03-24
PH0393,Guus,Oosterhek,40,M,Amersfoort,Friesland,Medium,2020-05-16
PH0394,Bryan,Lorreijn,30,M,Helmond,Drenthe,Low,2021-04-21
PH0395,Hailey,Henric van den Nuwenhuse,26,F,Utrecht,Zeeland,Medium,2017-09-07
PH0396,Riley,van der Leek,21,M,Westland,Drenthe,Low,2017-08-11
PH0397,Willem,Lelijveld,24,M,Enschede,Overijssel,Medium,2016-02-16
PH0398,Dylan,Mol,18,M,Leiden,Utrecht,Medium,2020-05-02
PH0399,Nina,van Rossum,59,F,Tilburg,Gelderland,Low,2022-03-30
PH0400,Ibrahim,van den Pol,76,M,Deventer,Zuid-Holland,Medium,2017-08-09
PH0401,Merijn,Schulten,76,M,Amersfoort,Utrecht,Medium,2016-12-21
PH0402,Boris,Lucas,71,M,Arnhem,Friesland,Low,2018-03-31
PH0403,Jake,Noordijk,18,M,Nijmegen,Zeeland,Medium,2018-10-04
PH0404,Isabelle,Lambregt,47,F,Ede,Drenthe,Medium,2016-07-03
PH0405,Frederique,Bastiaense,35,F,Tilburg,Zuid-Holland,Low,2020-02-23
PH0406,Mirte,van der Laan,63,F,Groningen,Noord-Holland,Medium,2018-04-23
PH0407,Casper,Scheer,29,M,Dordrecht,Limburg,High,2019-10-18
PH0408,Angelina,Claesdr,23,F,Arnhem,Limburg,Low,2016-07-29
PH0409,Lisanne,Smith,38,F,Amersfoort,Noord-Brabant,Low,2019-04-21
PH0410,Philip,Holthuis,46,M,Deventer,Gelderland,High,2018-05-21
PH0411,Muhammed,van Tours,34,M,Ede,Overijssel,Medium,2015-09-12
PH0412,Bradley,Barents,47,M,Nijmegen,Utrecht,Medium,2020-08-20
PH0413,Liza,Schwartsbach,62,F,Utrecht,Limburg,High,2018-04-23
PH0414,Kate,van Orleans,57,F,Almere,Noord-Brabant,High,2020-05-12
PH0415,Keano,Vos,47,M,Emmen,Zeeland,Low,2022-11-15
PH0416,Elise,Carnotte,66,F,Leiden,Limburg,High,2017-10-10
PH0417,Guus,van Ooyen,51,M,Zwolle,Drenthe,Medium,2015-11-16
PH0418,Brian,Diesbergen,21,M,Helmond,Drenthe,High,2017-04-08
PH0419,Jort,van Veen,28,M,Apeldoorn,Drenthe,Medium,2022-08-18
PH0420,Ben,Chrodtrud,63,M,Maastricht,Friesland,Low,2020-09-21
PH0421,Dewi,Jurrijens,69,F,Rotterdam,Friesland,Low,2019-08-29
PH0422,Quinty,Stoffelsz,54,F,Rotterdam,Drenthe,Medium,2018-06-16
PH0423,Berend,Post,43,M,Breda,Noord-Holland,Medium,2021-06-26
PH0424,Bryan,van Beek,20,M,Enschede,Overijssel,Medium,2021-01-25
PH0425,Mick,Nihoe,77,M,Alkmaar,Zuid-Holland,High,2020-04-17
PH0426,Samuel,van den Nuwenhuijzen,36,M,Enschede,Utrecht,Medium,2022-03-12
PH0427,Jade,van Hamaland,41,F,Alkmaar,Groningen,Medium,2019-03-27
PH0428,Sylvie,van Geffen,23,F,Westland,Limburg,High,2016-06-28
PH0429,Floortje,van Dam,25,F,Groningen,Drenthe,Low,2016-06-05
PH0430,Jan,Courtier,71,M,Amsterdam,Noord-Holland,High,2020-03-11
PH0431,Loïs,Gnodde,52,F,Arnhem,Noord-Brabant,Low,2018-11-18
PH0432,Wessel,Meijer,35,M,Tilburg,Flevoland,Medium,2015-05-12
PH0433,Maaike,Meyer,57,F,Deventer,Noord-Holland,Low,2015-10-03
PH0434,Hidde,Evers,56,M,Rotterdam,Friesland,Medium,2022-11-20
PH0435,Daniel,Peeters,33,M,Emmen,Noord-Holland,Medium,2017-08-17
PH0436,Dean,Ehlert,66,M,Venlo,Noord-Holland,Low,2018-03-30
PH0437,Daniel,Adriaansen,70,M,Amersfoort,Flevoland,Medium,2021-06-23
PH0438,Jennifer,van Hamaland,33,F,Nijmegen,Utrecht,High,2020-11-05
PH0439,Owen,van Mook,44,M,Nijmegen,Gelderland,Low,2021-08-20
PH0440,Jacob,Bos,58,M,Westland,Groningen,Medium,2015-07-12
PH0441,Evelien,Sire,78,F,Ede,Limburg,Low,2020-11-18
PH0442,Milou,Schulten,62,F,Enschede,Groningen,Low,2019-03-22
PH0443,Pieter,van Hoevel en van Zwindrecht,66,M,Leiden,Friesland,Low,2017-07-12
PH0444,Aya,Otto,72,F,Delft,Utrecht,High,2015-08-25
PH0445,Tirza,Rotteveel,79,F,Enschede,Drenthe,Medium,2019-05-10
PH0446,Sem,Mallien,34,M,Tilburg,Overijssel,Medium,2020-01-17
PH0447,Jinthe,Heinrichs,23,F,Leiden,Flevoland,High,2015-07-31
PH0448,Linn,Niermann,42,F,Westland,Zeeland,Medium,2015-10-26
PH0449,Nathan,Jurrijens,69,M,Deventer,Zeeland,Medium,2021-04-08
PH0450,Twan,Rouwenhorst,48,M,Tilburg,Overijssel,Low,2015-03-04
PH0451,Stan,Janssen,77,M,Tilburg,Flevoland,Low,2020-05-15
PH0452,Ben,Cosman,62,M,Dordrecht,Flevoland,Low,2017-09-07
PH0453,Elif,Takkelenburg,67,F,Nijmegen,Groningen,Medium,2022-04-11
PH0454,Lola,Sitters,37,F,Breda,Overijssel,Medium,2020-07-29
PH0455,Josephine,Hoelen,24,F,Sittard-Geleen,Flevoland,Medium,2018-08-04
PH0456,Lars,Stoffelsz,41,M,Apeldoorn,Groningen,Low,2017-06-25
PH0457,Pieter,den Haag,19,M,Breda,Drenthe,High,2021-06-30
PH0458,Victoria,Schagen,36,F,Eindhoven,Noord-Brabant,Low,2019-04-05
PH0459,Luc,van der Meulen,49,M,Leiden,Limburg,High,2018-10-14
PH0460,Kyra,van Engeland,66,F,Helmond,Friesland,High,2022-03-13
PH0461,Azra,Briere,47,F,Groningen,Flevoland,Medium,2016-11-24
PH0462,Tim,van Dongen,64,M,Leiden,Friesland,Low,2021-01-29
PH0463,Rick,Vastenhouw,51,M,Rotterdam,Zuid-Holland,High,2022-06-30
PH0464,Michael,Prins,66,M,Amsterdam,Groningen,Low,2022-01-27
PH0465,Ali,Geerling,22,M,Delft,Utrecht,Low,2020-09-02
PH0466,Eva,Bezemer,41,F,Rotterdam,Zeeland,Medium,2021-11-30
PH0467,Nora,Sanders,60,F,Haarlemmermeer,Noord-Holland,Low,2021-03-09
PH0468,Lize,Brievingh,18,F,Amsterdam,Drenthe,Medium,2021-01-03
PH0469,Nora,Kunen,19,F,Zoetermeer,Flevoland,Medium,2017-01-04
PH0470,Laurens,van den Corput,76,M,Utrecht,Drenthe,Low,2017-02-25
PH0471,Maria,van Geest,70,F,Haarlem,Gelderland,Medium,2015-11-20
PH0472,Tess,Schilt,79,F,Arnhem,Friesland,Medium,2022-10-26
PH0473,Dion,van Eck,37,M,Westland,Zuid-Holland,Medium,2022-04-15
PH0474,Morris,van Veen,23,M,Arnhem,Groningen,Low,2020-05-03
PH0475,Youssef,Garret,58,M,Amsterdam,Flevoland,Low,2020-08-09
PH0476,Kate,Werdes,59,F,Sittard-Geleen,Overijssel,Medium,2016-01-26
PH0477,Joël,Vermeulen,32,M,Tilburg,Flevoland,High,2020-05-01
PH0478,Hannah,Grondel,20,F,Amersfoort,Zuid-Holland,Medium,2018-02-22
PH0479,Thijn,Knuf,29,M,Amersfoort,Overijssel,Low,2017-04-28
PH0480,Jayson,van Allemanië,66,M,Helmond,Flevoland,High,2015-11-12
PH0481,Mia,van Vliet,28,F,Maastricht,Noord-Brabant,Medium,2019-05-13
PH0482,Fiene,de Wit,42,F,Deventer,Flevoland,Low,2022-09-24
PH0483,Sil,van der Ven,50,M,Emmen,Overijssel,Low,2019-11-26
PH0484,Arie,van Hostaden,71,M,Den Haag,Overijssel,Medium,2021-11-19
PH0485,Benthe,Tins,80,F,Deventer,Overijssel,Low,2018-01-24
PH0486,Fatima,Veenstra,49,F,Almere,Overijssel,Medium,2019-03-18
PH0487,Ceylin,die Bont,29,F,Westland,Zeeland,Medium,2015-12-18
PH0488,Senna,van den Berg,69,F,Almere,Flevoland,Low,2018-01-02
PH0489,Stan,Aarden,42,M,Delft,Limburg,Low,2019-05-15
PH0490,Maryam,van der Pouw,41,F,Utrecht,Zuid-Holland,Low,2018-06-16
PH0491,Juul,van Arnsberg,41,F,Deventer,Gelderland,Low,2015-12-24
PH0492,Ayoub,Lieshout,45,M,Zwolle,Drenthe,Medium,2019-07-30
PH0493,Lukas,Wolzak,19,M,Den Haag,Overijssel,Medium,2021-09-11
PH0494,Lynn,van Wel,73,F,Arnhem,Noord-Holland,Low,2019-05-08
PH0495,Mohamed,van Geest,64,M,Alkmaar,Drenthe,High,2017-09-21
PH0496,Ruben,Carnotte,61,M,Arnhem,Utrecht,Low,2018-05-18
PH0497,Emily,Rubben,49,F,Eindhoven,Zuid-Holland,Low,2018-02-04
PH0498,Lisa,Huijbrechts,37,F,Haarlemmermeer,Zuid-Holland,Low,2017-10-07
PH0499,Vajèn,Simons,56,F,Dordrecht,Noord-Brabant,Medium,2016-07-08
PH0500,Josephine,van Saksen,18,F,Arnhem,Overijssel,High,2019-04-06
